{"cameraMode":{"drawMode":0,"name":"Shaded","section":"Shading Mode"},"sceneLighting":false,"audioPlay":false,"sceneViewState":{"m_AlwaysRefresh":true,"showFog":true,"showSkybox":false,"showFlares":true,"showImageEffects":true,"showParticleSystems":true,"showVisualEffectGraphs":true,"m_FxEnabled":true},"in2DMode":false,"pivot":{"x":-0.005855679512023926,"y":0.962641716003418,"z":0.018966197967529298},"rotation":{"x":0.031144212931394578,"y":0.8736947178840637,"z":-0.05643157660961151,"w":0.48218652606010439},"size":1.1030274629592896,"orthographic":false}