{"cameraMode":{"drawMode":0,"name":"Shaded","section":"Shading Mode"},"sceneLighting":false,"audioPlay":false,"sceneViewState":{"m_AlwaysRefresh":true,"showFog":true,"showSkybox":false,"showFlares":true,"showImageEffects":true,"showParticleSystems":true,"showVisualEffectGraphs":true,"m_FxEnabled":true},"in2DMode":false,"pivot":{"x":-0.7802017331123352,"y":0.38119953870773318,"z":4.45705509185791},"rotation":{"x":0.23149727284908296,"y":-0.42291155457496645,"z":0.11268363147974014,"w":0.868828535079956},"size":3.0580503940582277,"orthographic":false}