{"cameraMode":{"drawMode":0,"name":"Shaded","section":"Shading Mode"},"sceneLighting":true,"audioPlay":false,"sceneViewState":{"m_AlwaysRefresh":true,"showFog":true,"showSkybox":true,"showFlares":true,"showImageEffects":true,"showParticleSystems":true,"showVisualEffectGraphs":true,"m_FxEnabled":true},"in2DMode":false,"pivot":{"x":-5.977361679077148,"y":20.723398208618165,"z":17.121875762939454},"rotation":{"x":-0.19142238795757295,"y":-0.46770787239074709,"z":0.10460037738084793,"w":-0.8565829396247864},"size":8.765628814697266,"orthographic":false}