{"cameraMode":{"drawMode":0,"name":"Shaded","section":"Shading Mode"},"sceneLighting":false,"audioPlay":false,"sceneViewState":{"m_AlwaysRefresh":true,"showFog":true,"showSkybox":false,"showFlares":true,"showImageEffects":true,"showParticleSystems":true,"showVisualEffectGraphs":true,"m_FxEnabled":true},"in2DMode":false,"pivot":{"x":0.553968608379364,"y":0.2597266137599945,"z":-0.7056251764297485},"rotation":{"x":0.018580112606287004,"y":0.9465391039848328,"z":-0.055435825139284137,"w":0.3172469735145569},"size":1.6382882595062256,"orthographic":false}