{"cameraMode":{"drawMode":0,"name":"Shaded","section":"Shading Mode"},"sceneLighting":false,"audioPlay":false,"sceneViewState":{"m_AlwaysRefresh":true,"showFog":true,"showSkybox":false,"showFlares":true,"showImageEffects":true,"showParticleSystems":true,"showVisualEffectGraphs":true,"m_FxEnabled":true},"in2DMode":false,"pivot":{"x":2.7973837852478029,"y":0.7067561149597168,"z":-0.6071973443031311},"rotation":{"x":0.07644292712211609,"y":-0.32665395736694338,"z":0.026517055928707124,"w":0.9416747689247131},"size":2.091271162033081,"orthographic":true}