{"cameraMode":{"drawMode":0,"name":"Shaded","section":"Shading Mode"},"sceneLighting":false,"audioPlay":false,"sceneViewState":{"m_AlwaysRefresh":true,"showFog":true,"showSkybox":false,"showFlares":true,"showImageEffects":true,"showParticleSystems":true,"showVisualEffectGraphs":true,"m_FxEnabled":true},"in2DMode":false,"pivot":{"x":0.1863163709640503,"y":0.9986879825592041,"z":0.15801620483398438},"rotation":{"x":0.3379337191581726,"y":-0.2519374191761017,"z":0.09439940750598908,"w":0.9018976092338562},"size":2.144667863845825,"orthographic":false}