{"cameraMode":{"drawMode":0,"name":"Shaded","section":"Shading Mode"},"sceneLighting":false,"audioPlay":false,"sceneViewState":{"m_AlwaysRefresh":true,"showFog":true,"showSkybox":false,"showFlares":true,"showImageEffects":true,"showParticleSystems":true,"showVisualEffectGraphs":true,"m_FxEnabled":true},"in2DMode":false,"pivot":{"x":-3.9319961071014406,"y":1.0308927297592164,"z":20.788795471191408},"rotation":{"x":-0.13151660561561585,"y":-0.6584615707397461,"z":0.11840613186359406,"w":-0.7315355539321899},"size":0.792938768863678,"orthographic":false}