{"cameraMode":{"drawMode":0,"name":"Shaded","section":"Shading Mode"},"sceneLighting":false,"audioPlay":false,"sceneViewState":{"m_AlwaysRefresh":true,"showFog":true,"showSkybox":false,"showFlares":true,"showImageEffects":true,"showParticleSystems":true,"showVisualEffectGraphs":true,"m_FxEnabled":true},"in2DMode":false,"pivot":{"x":-2.9271397590637209,"y":2.105088710784912,"z":0.001999974250793457},"rotation":{"x":-0.2903582751750946,"y":0.004023288376629353,"z":-0.0012243591481819749,"w":-0.9569224119186401},"size":3.8169567584991457,"orthographic":false}