{"cameraMode":{"drawMode":0,"name":"Shaded","section":"Shading Mode"},"sceneLighting":false,"audioPlay":false,"sceneViewState":{"m_AlwaysRefresh":true,"showFog":true,"showSkybox":false,"showFlares":true,"showImageEffects":true,"showParticleSystems":true,"showVisualEffectGraphs":true,"m_FxEnabled":true},"in2DMode":false,"pivot":{"x":1.6922032833099366,"y":1.9095680713653565,"z":-1.0381050109863282},"rotation":{"x":-0.2844357490539551,"y":0.35787755250930788,"z":-0.11543606221675873,"w":-0.8818905353546143},"size":3.1929969787597658,"orthographic":false}